<?xml version="1.0" encoding="UTF-8"?>
<template key="78JxteFLxvX8jYrpg4/LmQ==">
    <geoEventServices>
        <geoEventService name="twitter-monitor" runningState="STARTED">
            <inputs>
                <input ref="twitter-in" left="58.4" top="46.9" width="83.2" height="70.2" />
            </inputs>
            <outputs>
                <output ref="tcp-text-out" left="266.4" top="233.89999999999998" width="83.2" height="70.2" />
                <output ref="tweet-fs-out" left="415.4" top="46.899999999999977" width="83.2" height="70.2" />
                <output ref="tweetWithInfo-fs-out" left="570.4" top="141.9" width="123.19999999999995" height="70.2" />
            </outputs>
            <nodes>
                <node name="geolocated" left="262.4" top="46.9" width="83.2" height="70.2">
                    <filter>
                        <attributeCondition operand="geolocated" operator="=" value="true" />
                    </filter>
                </node>
                <node name="Tweet With Info Field Mapper" left="404.4" top="141.9" width="104.20000000000002" height="70.2">
                    <processor uri="com.esri.ges.processor/FieldMapper/10.2.0">
                        <properties>
                            <property name="outputFields">createdAt,userScreenName,userName,followersCount,placeName,text,shape</property>
                            <property name="outputGeoEventDefinition">TweetWithInfo</property>
                            <property name="inputFields">created_at,user.screen_name,user.name,user.followers_count,place.full_name,text,coordinates</property>
                            <property name="inputGeoEventDefinition">TweetStatus</property>
                        </properties>
                    </processor>
                </node>
            </nodes>
            <flow>
                <from ref="twitter-in">
                    <to ref="tcp-text-out" path="143.6,82 156.6,82 204,82 204,269 251.4,269 259.4,269" custom="false" />
                    <to ref="geolocated" path="143.6,82 156.6,82 247.4,82 255.4,82" custom="false" />
                </from>
                <from ref="geolocated">
                    <to ref="tweet-fs-out" path="347.6,82 360.6,82 380.5,82 380.5,82 400.4,82 408.4,82" custom="false" />
                    <to ref="Tweet With Info Field Mapper" path="347.6,82 360.6,82 375,82 375,177 389.4,177 397.4,177" custom="false" />
                </from>
                <from ref="Tweet With Info Field Mapper">
                    <to ref="tweetWithInfo-fs-out" path="510.6,177 523.6,177 555.4,177 563.4,177" custom="false" />
                </from>
            </flow>
            <geoEventsReceivedRateRange max="0.0" min="0.0" />
            <geoEventsSentRateRange max="0.0" min="0.0" />
        </geoEventService>
        <geoEventService name="twitter-sensor-update" runningState="STARTED">
            <inputs>
                <input ref="tcp-text-in" left="49.400000000000006" top="61.900000000000006" width="83.2" height="70.2" />
            </inputs>
            <outputs>
                <output ref="twitter-out" left="252.39999999999998" top="61.900000000000006" width="83.2" height="70.2" />
            </outputs>
            <nodes />
            <flow>
                <from ref="tcp-text-in">
                    <to ref="twitter-out" path="134.6,97 147.6,97 237.4,97 245.4,97" custom="false" />
                </from>
            </flow>
            <geoEventsReceivedRateRange max="0.0" min="0.0" />
            <geoEventsSentRateRange max="0.0" min="0.0" />
        </geoEventService>
    </geoEventServices>
    <inputs>
        <input connector="receive-tweets-connector" connectorLabel="Receive tweets" name="twitter-in" runningState="STARTED" statusDetails="NULL" supportsAllGeoEventDefinitions="true">
            <adapter uri="com.esri.ges.adapter.inbound/Twitter/10.2.0" />
            <geoEventDefinitionHistory>
                <guid>23345e92-d3a3-402d-aacc-6d7401bc48da</guid>
                <guid>23345e92-d3a3-402d-aacc-6d7401bc48da</guid>
            </geoEventDefinitionHistory>
            <geoEventsRateRange max="0.0" min="0.0" />
            <supportedGeoEventDefinitions />
            <transport uri="com.esri.ges.transport.inbound/Twitter/10.2.0">
                <properties>
                    <property name="consumerKey">CiPQKXaPbzaWV3AsV9OIQg</property>
                    <property name="accessToken">44126099-Cc1NnWxvv1uvm6xEirkppdIu6O3DQgZ6jV4Y7Scsc</property>
                    <property name="count">0</property>
                    <property name="locations" />
                    <property name="accessTokenSecret">UNilf5RsW9xclU0DiozgZx8rZ5elfWIyzbSLr364D6U</property>
                    <property name="track">iphone,ipad,android,esri</property>
                    <property name="consumerSecret">WlwWsKIIwBBo180UzMhxsmvSkL27luKyt29MTIfCQ</property>
                    <property name="follow" />
                </properties>
            </transport>
        </input>
        <input connector="esri-in-tcp-text-generictext" connectorLabel="Receive text from a TCP Socket" name="tcp-text-in" runningState="STARTED" statusDetails="NULL" supportsAllGeoEventDefinitions="true">
            <adapter uri="com.esri.ges.adapter.inbound/Text/10.2.0">
                <properties>
                    <property name="ExistingFixedGeoEventDefinitionName">incident</property>
                    <property name="CreateFixedGeoEventDefinitions">true</property>
                    <property name="AttributeSeparator">,</property>
                    <property name="XGeometryField" />
                    <property name="IncomingDataContainsGeoEventDefinition">true</property>
                    <property name="CreateUnrecognizedGeoEventDefinitions">true</property>
                    <property name="NewFixedGeoEventDefinitionName" />
                    <property name="BuildGeometryFromFields">false</property>
                    <property name="WKTextGeometryField" />
                    <property name="CustomDateFormat" />
                    <property name="ZGeometryField" />
                    <property name="MessageSeparator">\n</property>
                    <property name="YGeometryField" />
                    <property name="WKIDGeometryField" />
                </properties>
            </adapter>
            <geoEventDefinitionHistory>
                <guid>02e9cd6f-8e6f-48ff-8529-9f2ef529436e</guid>
            </geoEventDefinitionHistory>
            <geoEventsRateRange max="0.0" min="0.0" />
            <supportedGeoEventDefinitions />
            <transport uri="com.esri.ges.transport.inbound/TCP/10.2.0">
                <properties>
                    <property name="port">5565</property>
                    <property name="host">localhost</property>
                    <property name="clientConnectionTimeout">60</property>
                    <property name="mode">SERVER</property>
                    <property name="handshake" />
                </properties>
            </transport>
        </input>
    </inputs>
    <outputs>
        <output connector="esri-out-text-tcp-generictext" connectorLabel="Publish text to a TCP Socket" name="tcp-text-out" runningState="STARTED" statusDetails="NULL" supportsAllGeoEventDefinitions="true">
            <adapter uri="com.esri.ges.adapter.outbound/Text/10.2.0">
                <properties>
                    <property name="MessageSeparator">\n</property>
                    <property name="AttributeSeparator">,</property>
                    <property name="mimeType">text/plain</property>
                </properties>
            </adapter>
            <geoEventDefinitionHistory>
                <guid>23345e92-d3a3-402d-aacc-6d7401bc48da</guid>
            </geoEventDefinitionHistory>
            <geoEventsRateRange max="0.0" min="0.0" />
            <supportedGeoEventDefinitions />
            <transport uri="com.esri.ges.transport.outbound/TCP/10.2.0">
                <properties>
                    <property name="port">5570</property>
                    <property name="host">localhost</property>
                    <property name="clientConnectionTimeout">60</property>
                    <property name="mode">SERVER</property>
                </properties>
            </transport>
        </output>
        <output connector="send-tweet-connector" connectorLabel="Send a tweet" name="twitter-out" runningState="STARTED" statusDetails="NULL" supportsAllGeoEventDefinitions="true">
            <adapter uri="com.esri.ges.adapter.outbound/MessageFormatter/10.2.0">
                <properties>
                    <property name="textMessage">Sensor ${Field1} is reporting ${Field2} at ${StartTime}.</property>
                </properties>
            </adapter>
            <geoEventDefinitionHistory>
                <guid>02e9cd6f-8e6f-48ff-8529-9f2ef529436e</guid>
            </geoEventDefinitionHistory>
            <geoEventsRateRange max="0.0" min="0.0" />
            <supportedGeoEventDefinitions />
            <transport uri="com.esri.ges.transport.outbound/Twitter/10.2.0">
                <properties>
                    <property name="consumerKey">CiPQKXaPbzaWV3AsV9OIQg</property>
                    <property name="accessToken">44126099-Cc1NnWxvv1uvm6xEirkppdIu6O3DQgZ6jV4Y7Scsc</property>
                    <property name="accessTokenSecret">UNilf5RsW9xclU0DiozgZx8rZ5elfWIyzbSLr364D6U</property>
                    <property name="consumerSecret">WlwWsKIIwBBo180UzMhxsmvSkL27luKyt29MTIfCQ</property>
                </properties>
            </transport>
        </output>
        <output connector="esri-out-json-fs-add" connectorLabel="Add a feature" name="tweet-fs-out" runningState="STARTED" statusDetails="NULL" supportsAllGeoEventDefinitions="true">
            <adapter uri="com.esri.ges.adapter.outbound/JSON/10.2.0">
                <properties>
                    <property name="charSet">UTF-8</property>
                    <property name="flattenEvents">true</property>
                    <property name="keepEventsUnique">false</property>
                    <property name="updateInterval">1</property>
                    <property name="prettyJson">false</property>
                    <property name="mimeType">application/json</property>
                </properties>
            </adapter>
            <geoEventDefinitionHistory>
                <guid>23345e92-d3a3-402d-aacc-6d7401bc48da</guid>
            </geoEventDefinitionHistory>
            <geoEventsRateRange max="0.0" min="0.0" />
            <supportedGeoEventDefinitions />
            <transport uri="com.esri.ges.transport.outbound/FeatureService/10.2.0">
                <properties>
                    <property name="append">true</property>
                    <property name="cleanupFrequency">20</property>
                    <property name="layerIndex">0</property>
                    <property name="cleanupTimeField" />
                    <property name="path">/</property>
                    <property name="featureLifeSpan">1440</property>
                    <property name="cleanupFeatures">false</property>
                    <property name="datastore">localhost</property>
                    <property name="trackIDField">text</property>
                    <property name="serviceName">Tweets</property>
                </properties>
            </transport>
        </output>
        <output connector="esri-out-json-fs-add" connectorLabel="Add a feature" name="tweetWithInfo-fs-out" runningState="STARTED" statusDetails="NULL" supportsAllGeoEventDefinitions="true">
            <adapter uri="com.esri.ges.adapter.outbound/JSON/10.2.0">
                <properties>
                    <property name="charSet">UTF-8</property>
                    <property name="flattenEvents">true</property>
                    <property name="keepEventsUnique">false</property>
                    <property name="updateInterval">1</property>
                    <property name="prettyJson">false</property>
                    <property name="mimeType">application/json</property>
                </properties>
            </adapter>
            <geoEventDefinitionHistory>
                <guid>cafc5bf3-583b-4bc5-a7fb-2de318ca4fb4</guid>
            </geoEventDefinitionHistory>
            <geoEventsRateRange max="0.0" min="0.0" />
            <supportedGeoEventDefinitions />
            <transport uri="com.esri.ges.transport.outbound/FeatureService/10.2.0">
                <properties>
                    <property name="append">true</property>
                    <property name="cleanupFrequency">20</property>
                    <property name="layerIndex">1</property>
                    <property name="cleanupTimeField">createdAt</property>
                    <property name="path">/</property>
                    <property name="featureLifeSpan">1440</property>
                    <property name="cleanupFeatures">false</property>
                    <property name="datastore">localhost</property>
                    <property name="trackIDField">userScreenName</property>
                    <property name="serviceName">Tweets</property>
                </properties>
            </transport>
        </output>
    </outputs>
    <geoEventDefinitions>
        <geoEventDefinition guid="cafc5bf3-583b-4bc5-a7fb-2de318ca4fb4" name="TweetWithInfo" owner="arcgis">
            <fieldDefinitions>
                <fieldDefinition name="createdAt" type="Date" cardinality="One">
                    <fieldDefinitionTag>
                        <name>TIME_START</name>
                    </fieldDefinitionTag>
                    <fieldDefinitions />
                </fieldDefinition>
                <fieldDefinition name="userScreenName" type="String" cardinality="One">
                    <fieldDefinitions />
                </fieldDefinition>
                <fieldDefinition name="userName" type="String" cardinality="One">
                    <fieldDefinitions />
                </fieldDefinition>
                <fieldDefinition name="followersCount" type="Integer" cardinality="One">
                    <fieldDefinitions />
                </fieldDefinition>
                <fieldDefinition name="placeName" type="String" cardinality="One">
                    <fieldDefinitions />
                </fieldDefinition>
                <fieldDefinition name="text" type="String" cardinality="One">
                    <fieldDefinitions />
                </fieldDefinition>
                <fieldDefinition name="shape" type="Geometry" cardinality="One">
                    <fieldDefinitionTag>
                        <name>GEOMETRY</name>
                    </fieldDefinitionTag>
                    <fieldDefinitions />
                </fieldDefinition>
            </fieldDefinitions>
        </geoEventDefinition>
    </geoEventDefinitions>
    <tags />
    <connectors>
        <connector label="Receive tweets" name="receive-tweets-connector" type="inbound">
            <adapter uri="com.esri.ges.adapter.inbound/Twitter/10.2.0" />
            <defaultName>twitter-in</defaultName>
            <description>Connects to the public Twitter API and receives tweets based on profiles that you want to follow, terms you want to track, and within a location of interest.</description>
            <properties>
                <advanced>
                    <property default="0" label="Count" name="count" source="transport" />
                </advanced>
                <hidden />
                <shown>
                    <property label="Consumer Key" name="consumerKey" source="transport" />
                    <property label="Consumer Secret" name="consumerSecret" source="transport" />
                    <property label="Access Token" name="accessToken" source="transport" />
                    <property label="Access Token Secret" name="accessTokenSecret" source="transport" />
                    <property label="Follow" name="follow" source="transport" />
                    <property label="Track" name="track" source="transport" />
                    <property label="Locations" name="locations" source="transport" />
                </shown>
            </properties>
            <transport uri="com.esri.ges.transport.inbound/Twitter/10.2.0" />
        </connector>
        <connector label="Send a tweet" name="send-tweet-connector" type="outbound">
            <adapter uri="com.esri.ges.adapter.outbound/MessageFormatter/10.2.0" />
            <defaultName>twitter-out</defaultName>
            <description>Connects to the public Twitter API and sends a tweet.</description>
            <properties>
                <advanced />
                <hidden />
                <shown>
                    <property default="Enter Message Body Here" label="Message" name="textMessage" source="adapter" />
                    <property label="Consumer Key" name="consumerKey" source="transport" />
                    <property label="Consumer Secret" name="consumerSecret" source="transport" />
                    <property label="Access Token" name="accessToken" source="transport" />
                    <property label="Access Token Secret" name="accessTokenSecret" source="transport" />
                </shown>
            </properties>
            <transport uri="com.esri.ges.transport.outbound/Twitter/10.2.0" />
        </connector>
    </connectors>
    <arcgisServerConnections>
        <arcgisServerConnection connectionType="Private" name="localhost" password="qthOXUir9FJLT9/inBbB/A==" updateIntervalSec="300" url="http://localhost:6080/arcgis/" username="siteadmin" />
    </arcgisServerConnections>
</template>